Path,Questions,Answers
2369110.jpg,What is the main object in this image?,The main object in this image is a cat sitting on a toilet seat.
2369104.jpg,Can you name the objects present in the image?,"In the image, there is a person, a refrigerator, and a bottle."
2369138.jpg,Describe the environment or setting shown in the picture.,"The image shows a large airplane parked on a runway, with a building nearby. The airplane is blue and white, and it appears to be a small passenger plane. The scene takes place on a sunny day, which adds to the overall pleasant atmosphere."
2369139.jpg,What is happening in this image?,"In this image, there is a plate of food with a piece of fish, possibly a fish steak, and some vegetables. The fish is covered in sauce, and it is accompanied by a small vegetable, possibly a piece of broccoli. The dish is served on a table, and the fish is placed on top of the vegetables."
2369105.jpg,Describe the environment or setting shown in the picture.,"The image shows a beach scene with a horse walking along the shore. The horse is standing in the water, and the beach appears to be relatively empty."
2369111.jpg,What is the main object in this image?,The main object in this image is a skateboard.
2369107.jpg,Can you name the objects present in the image?,"The objects present in the image include a tall clock tower, a gazebo, and a clock."
2369113.jpg,Describe the environment or setting shown in the picture.,"The image shows a lush green field with a giraffe and a zebra standing in the grass. The giraffe is standing on the ground, while the zebra is sitting in the grass. The scene also features a tree and some bushes, adding to the natural environment."
2369112.jpg,What is happening in this image?,"In the image, a blue and white double-decker bus is driving down a busy city street, surrounded by tall buildings. The bus is passing by a traffic light, and there are several people walking along the sidewalk. Some of the pedestrians are carrying umbrellas, possibly due to rain or sun protection. The scene captures the hustle and bustle of urban life."
2369106.jpg,Describe the environment or setting shown in the picture.,"The image shows a man riding on the back of an elephant in a forest or wooded area. The elephant is walking through the woods, and there are other elephants nearby. The scene appears to be a natural habitat for the elephants, with trees and vegetation surrounding them."
2369102.jpg,What is the main object in this image?,"The main object in this image is a display case filled with various food items, including sandwiches, fruit, and desserts."
2369116.jpg,Can you name the objects present in the image?,"The objects present in the image include a plate of food, a knife, and a glass."
2369117.jpg,Describe the environment or setting shown in the picture.,"The image shows a snow-covered ski slope with a person skiing down the hill. The skier is wearing a black jacket and is skiing on a snowy surface. The environment is surrounded by trees, adding to the picturesque winter scene."
2369103.jpg,What is happening in this image?,"In the image, a person is surfing on a wave in the ocean, skillfully riding a surfboard. They are performing a trick as they ride the wave, showcasing their talent and expertise in the sport."
2369129.jpg,Describe the environment or setting shown in the picture.,"The image shows an old, rusty train car sitting on a set of train tracks. The train car appears to be abandoned and is situated in a field."
2369115.jpg,What is the main object in this image?,The main object in this image is a woman walking down a street while holding an umbrella.
2369101.jpg,Can you name the objects present in the image?,The objects present in the image are broccoli and carrots.
2369114.jpg,Describe the environment or setting shown in the picture.,"The image shows a skate park where a man is riding a skateboard, performing tricks and enjoying the activity. The skate park is surrounded by trees, providing a natural and scenic backdrop."
2369128.jpg,What is happening in this image?,"In this image, a group of zebras is walking together in a grassy field. They are standing close to each other, forming a small herd."
2369173.jpg,Describe the environment or setting shown in the picture.,"The image shows a giraffe standing in a fenced-in area, surrounded by trees. The giraffe is looking up, possibly at the sky or another point of interest."
2369167.jpg,What is happening in this image?,"In this image, a group of zebras is gathered around a watering hole, drinking water and eating hay. The zebras are standing in a circle, with some of them bending down to drink water."
2369198.jpg,Describe the environment or setting shown in the picture.,"The image shows a baseball field with a baseball player wearing a baseball uniform, standing in the dirt. The player is wearing a baseball glove and is in a ready position, likely preparing for a play."
2369199.jpg,What is the main object in this image?,"The main object in this image is a hot dog with onions and mustard, placed in a foil wrapper."
2369166.jpg,Can you name the objects present in the image?,"The objects present in the image include a baseball player holding a bat, a catcher, an umpire, and a crowd of people watching the game."
2369172.jpg,Describe the environment or setting shown in the picture.,"The image shows a man standing in a body of water, possibly a lake or a beach, holding a kite. He is wearing a wetsuit and is about to enter the water with his kite."
2369164.jpg,What is happening in this image?,"In the image, there is a small brick building with a dog inside, possibly a fire hydrant. The building is located in a grassy area, and it appears to be a part of a larger structure, possibly a tent or a small house."
2369170.jpg,Describe the environment or setting shown in the picture.,"The image shows a train station with a train car door open, allowing passengers to board or exit the train. There are several people standing in the doorway, waiting to get on the train or having just disembarked."
2369158.jpg,What is the main object in this image?,The main object in this image is a man playing with a frisbee.
2369159.jpg,Can you name the objects present in the image?,"The objects present in the image include a snowboarder, a snowboard, and a mountain."
2369171.jpg,Describe the environment or setting shown in the picture.,"The image shows a group of people, including children, gathered in a room with a large display of teddy bears. The teddy bears are arranged in various positions, creating an interesting and playful atmosphere. The room appears to be a part of a museum or a store, where the teddy bears are on display for visitors to admire and interact with."
2369165.jpg,What is happening in this image?,"In the image, a group of sheep is grazing in a grassy field. There are at least six sheep visible, with some of them standing close to a small stream of water. The scene also includes a horse, which is grazing in the same field, and a few birds scattered around the area. The overall atmosphere of the image is peaceful and pastoral."
2369149.jpg,Describe the environment or setting shown in the picture.,"The image shows a fire hydrant located on a sidewalk, with graffiti on the wall behind it. The fire hydrant is situated next to a building, and there is a trash can nearby."
2369161.jpg,What is the main object in this image?,The main object in this image is a wooden dining table with chairs surrounding it.
2369174.jpg,Can you name the objects present in the image?,"The objects present in the image include a man, a dog, a toilet, a sink, a scale, and a mirror."
2369160.jpg,Describe the environment or setting shown in the picture.,"The image shows a zoo setting, where a group of people, including a little girl, are feeding and interacting with two giraffes. The giraffes are standing in a dirt area, and there are trees in the background."
2369148.jpg,What is happening in this image?,"In the image, a man is standing in front of a large pizza advertisement, which is displayed on a wall. He is wearing a black jacket and appears to be looking at the pizza on the advertisement."
2369162.jpg,Describe the environment or setting shown in the picture.,"The image shows a tennis court with a woman playing tennis. She is in the middle of a serve, and the tennis ball is in the air. The court is surrounded by chairs, and there is a building in the background."
2369189.jpg,Can you name the objects present in the image?,"The objects present in the image include two women, a frisbee, and a beach."
2369188.jpg,Describe the environment or setting shown in the picture.,"The image shows a group of people sitting around a dining table in a restaurant, with some of them using laptops. The table is surrounded by chairs, and there are cups and a bowl on the table as well. The people are engaged in various activities, such as eating, drinking, and working on their laptops."
2369163.jpg,What is happening in this image?,"In the image, a bathroom is undergoing a remodeling process. The toilet is being replaced, and the floor is being torn up. There is a toilet on the floor, and a roll of paper towels is scattered around the room."
2369177.jpg,Describe the environment or setting shown in the picture.,"The image shows a man playing a saxophone on stage, surrounded by a microphone and a laptop. The man is wearing a black shirt and a red tie, and he is holding the saxophone in his hands. The setting appears to be a concert or performance venue, with the man being the main focus of the scene."
2369152.jpg,What is the main object in this image?,The main object in this image is a man wearing a red shirt.
2369146.jpg,Can you name the objects present in the image?,"The objects present in the image include a street, a sidewalk, a traffic light, a building, and a street corner."
2369191.jpg,Describe the environment or setting shown in the picture.,"The image shows a herd of sheep grazing in a field, with a fence separating the viewer from the animals. The field is covered in grass, providing a suitable environment for the sheep to feed and roam around."
2369185.jpg,What is happening in this image?,"In this image, a young baseball player is swinging a bat at a ball during a game. The player is wearing a baseball uniform and is in the process of hitting the ball. The scene takes place on a baseball field, with other people present in the background, possibly teammates or opponents."
2369184.jpg,Describe the environment or setting shown in the picture.,"The image depicts a building with a clock mounted on its side, possibly a pub or a restaurant. The clock is positioned next to a window, and the building has a brick exterior. The clock is black and white, and it is mounted on the side of the building."
2369147.jpg,What is the main object in this image?,"The main object in this image is a man standing in front of a TV, holding a video game controller."
2369153.jpg,Can you name the objects present in the image?,"The objects present in the image include a zebra, a tree, and a rock."
2369145.jpg,Describe the environment or setting shown in the picture.,"The image shows a small cat standing on a sidewalk next to a person's shoe. The cat is looking up at the person, and the scene appears to be outdoors."
2369151.jpg,What is happening in this image?,"In the image, a man is standing in a bathroom and taking a selfie using his cell phone. He is holding the phone up to capture his picture."
2369179.jpg,Describe the environment or setting shown in the picture.,"The image shows a woman sitting in a chair, holding a brown teddy bear. She is in a room with a window, and there is a bookshelf nearby."
2369186.jpg,Can you name the objects present in the image?,The objects present in the image are a black cat and a bed with a flowered sheet.
2369192.jpg,Describe the environment or setting shown in the picture.,"The image shows a snowboard lying on the ground, covered in snow. The snowboard is placed on a snow-covered surface, possibly a slope or a snowy field."
2369193.jpg,What is happening in this image?,"In the image, a man and a woman are sitting on a park bench under an umbrella. They are sharing a bottle of water, and the man is holding a baby. The scene appears to be a relaxing and peaceful moment in the park."
2369187.jpg,Describe the environment or setting shown in the picture.,"The image shows a table with a large green broccoli plant on it, surrounded by various items. There are two bottles, a cup, a bowl, and a spoon on the table. The broccoli is placed on a plate, and the table appears to be set up for a meal."
2369178.jpg,What is happening in this image?,"In the image, a man is standing on a street corner in a city, holding a large teddy bear. The scene also features a bicycle parked nearby, and a person walking by. The street corner is located in front of a building, possibly a restaurant or a shop."
2369150.jpg,Describe the environment or setting shown in the picture.,"The image depicts a picturesque scene of a person riding a horse across a bridge over a river. The bridge is made of bricks, and the water below the bridge is calm. The setting appears to be a peaceful and serene environment, with the rider and the horse enjoying the view and the tranquility of the surroundings."
2369144.jpg,What is the main object in this image?,The main object in this image is a horse standing in a grassy field.
2369168.jpg,Can you name the objects present in the image?,"The objects present in the image include a boat, a dock, a bridge, a truck, and a stop sign."
2369140.jpg,Describe the environment or setting shown in the picture.,"The image depicts a bathroom scene, featuring a white toilet, a sink, and a bathtub. The bathroom is decorated with a floral shower curtain, which adds a touch of color and pattern to the space."
2369183.jpg,What is happening in this image?,"In the image, a young man is playing with a frisbee in a park, and several people are watching him. The frisbee is in mid-air, and the audience is gathered around to enjoy the game."
2369197.jpg,Describe the environment or setting shown in the picture.,The image shows a young boy riding a horse on a beach near the ocean. The boy is wearing a plaid shirt and a hat while sitting on the horse.
2369196.jpg,What is the main object in this image?,The main object in this image is a cup of coffee.
2369182.jpg,Can you name the objects present in the image?,"The objects present in the image include a crowd of people, a man wearing sunglasses, a woman with a hat, and a traffic light."
2369155.jpg,Describe the environment or setting shown in the picture.,"The image shows a young boy flying a kite in a grassy field on a sunny day. The field is surrounded by buildings, indicating that it might be located in an urban or suburban area."
2369141.jpg,What is happening in this image?,"In the image, there is a box of doughnuts and a box of jelly sitting on a table. The doughnuts are in various stages of consumption, with some of them already eaten. The jelly appears to be a strawberry or raspberry flavor, and it is placed on a plate next to the doughnuts."
2369169.jpg,Describe the environment or setting shown in the picture.,"The image shows a woman playing tennis on a tennis court. She is wearing a red top and black shorts, and she is in the middle of a swing, preparing to hit the ball. The tennis court is surrounded by a crowd of people who are watching the match."
2369157.jpg,What is the main object in this image?,The main object in this image is a giraffe.
2369143.jpg,Can you name the objects present in the image?,"The objects present in the image include a tennis court, a tennis ball, a tennis racket, and a person."
2369194.jpg,Describe the environment or setting shown in the picture.,"The image features a vase with purple flowers sitting on a table, placed near a window. The vase is filled with water, and the flowers are in a glass vase. The scene is set in a room with a window, and the flowers are placed in front of it, possibly to provide a pleasant view or to receive natural light."
2369180.jpg,What is happening in this image?,"In the image, there is a wooden cutting board with various cheeses and other food items on it. The cutting board is filled with different types of cheese, including blue cheese, and other food items such as bread, butter, and meat. The cheeses are placed in different positions on the cutting board, creating an assortment of food items for consumption."
2369181.jpg,Describe the environment or setting shown in the picture.,"The image shows a close-up of a dish containing a mix of seafood and broccoli. The dish is placed on a table, and the broccoli pieces are scattered throughout the dish."
2369195.jpg,Can you name the objects present in the image?,"The objects present in the image are a bird, an apple, and a banana."
2369142.jpg,Describe the environment or setting shown in the picture.,"The image shows a man playing baseball in a grassy field. He is swinging a baseball bat, and there are several other people in the background, possibly watching the game or waiting for their turn to play."
2369156.jpg,What is happening in this image?,"In the image, a man is working on a clay pot, shaping it on a pottery wheel. He is using his hands to mold the clay, creating a unique and artistic piece."
2369131.jpg,Describe the environment or setting shown in the picture.,"The image depicts a group of people sitting around a dining table in a restaurant or similar setting. They are enjoying a meal together, and there are various items on the table, such as cups, wine glasses, and a book."
2369125.jpg,What is the main object in this image?,The main object in this image is a zebra.
2369119.jpg,Can you name the objects present in the image?,"The objects present in the image include a clock tower, a brick building, a car, a truck, and a tree."
2369118.jpg,Describe the environment or setting shown in the picture.,"The image features a tall white clock tower with a green roof, standing on top of a snow-covered hill. The sky is blue, and the tower is prominently visible against the backdrop of the snowy landscape."
2369124.jpg,What is happening in this image?,"In the image, a train is traveling down the tracks, passing by a train station. The train is on the left side of the image, with the station visible on the right side. The train appears to be a red and yellow cargo train, and it is either pulling into the station or leaving it."
2369130.jpg,Describe the environment or setting shown in the picture.,"The image shows a train station, with a train on the tracks and a train station platform visible. The train is a modern, sleek, and silver-colored passenger train."
2369126.jpg,What is the main object in this image?,The main object in this image is a black and white panda bear.
2369132.jpg,Can you name the objects present in the image?,"The objects present in the image include a train, a train station, and a building."
2369133.jpg,Describe the environment or setting shown in the picture.,"The image shows a dining table filled with a variety of Asian foods, including plates of noodles, vegetables, and meat. The table is set with plates, bowls, and cups, and there are utensils such as forks and spoons placed around the table. The table appears to be set for a meal, possibly for a family or group of people to enjoy together."
2369127.jpg,What is happening in this image?,"In the image, a police officer is riding a motorcycle down a street, possibly on a city street or a sidewalk. The officer is wearing a helmet and is likely patrolling the area or responding to an incident."
2369123.jpg,Describe the environment or setting shown in the picture.,"The image shows a train traveling down the tracks, passing through a city. The train is surrounded by buildings, indicating that it is in an urban environment. The train is moving along the tracks, and there are several people nearby, possibly waiting for the train or walking along the sidewalk."
2369136.jpg,Describe the environment or setting shown in the picture.,"The image shows a train traveling down the tracks next to a building, with a city street nearby. The train is passing underneath a power line, and there are cars parked on the street."
2369122.jpg,What is happening in this image?,"In this image, a large clock tower is towering over a city, with the clocks on its sides prominently visible. The clocks are positioned at different angles, making the tower appear more intricate and unique. The tower is a prominent landmark in the city, and its presence adds character to the urban landscape."
2369108.jpg,Describe the environment or setting shown in the picture.,"The image shows a group of elephants walking across a river or watering hole, surrounded by a natural environment with trees and bushes. The elephants are in the water, possibly drinking or cooling off, while the sky can be seen above them."
2369134.jpg,What is the main object in this image?,The main object in this image is a woman sitting at a table with a plate of cake in front of her.
2369120.jpg,Can you name the objects present in the image?,"The objects present in the image include a stove, a microwave, a coffee maker, a sink, a window, and a toaster."
